Run,ReleaseDate,LoadDate,spots,bases,spots_with_mates,avgLength,size_MB,AssemblyName,download_path,Experiment,LibraryName,LibraryStrategy,LibrarySelection,LibrarySource,LibraryLayout,InsertSize,InsertDev,Platform,Model,SRAStudy,BioProject,Study_Pubmed_id,ProjectID,Sample,BioSample,SampleType,TaxID,ScientificName,SampleName,g1k_pop_code,source,g1k_analysis_group,Subject_ID,Sex,Disease,Tumor,Affection_Status,Analyte_Type,Histological_Type,Body_Site,CenterName,Submission,dbgap_study_accession,Consent,RunHash,ReadHash
SRR18494314,2022-03-27 03:16:44,2022-03-27 03:13:54,44111,13538590,44111,306,6,,https://sra-downloadb.be-md.ncbi.nlm.nih.gov/sos3/sra-pub-zq-24/SRR018/18494/SRR18494314/SRR18494314.lite.1,SRX14625776,CVs4Bs0F,AMPLICON,PCR,METAGENOMIC,PAIRED,0,0,ILLUMINA,Illumina MiSeq,SRP366092,PRJNA818796,,818796,SRS12392766,SAMN26892311,simple,408170,human gut metagenome,CVs4Bs0F,,,,,,,no,,,,,COLUMBIA UNIVERSITY,SRA1392441,,public,0A21FEDCAA8B585F4A960D938B080840,F3BA05C9429AF8B80A277A285633FB89
SRR18494312,2022-03-27 03:16:44,2022-03-27 03:13:59,59589,18289712,59589,306,8,,https://sra-downloadb.be-md.ncbi.nlm.nih.gov/sos3/sra-pub-zq-24/SRR018/18494/SRR18494312/SRR18494312.lite.1,SRX14625778,CVs1F,AMPLICON,PCR,METAGENOMIC,PAIRED,0,0,ILLUMINA,Illumina MiSeq,SRP366092,PRJNA818796,,818796,SRS12392767,SAMN26892321,simple,408170,human gut metagenome,CVs1F,,,,,,,no,,,,,COLUMBIA UNIVERSITY,SRA1392441,,public,D0B0F8B4AB78D9828270CA210BEE8E81,F71EE21723D38727F36FCD42785697C9
SRR18494313,2022-03-27 03:16:44,2022-03-27 03:13:44,5784,1775064,5784,306,0,,https://sra-downloadb.be-md.ncbi.nlm.nih.gov/sos3/sra-pub-zq-24/SRR018/18494/SRR18494313/SRR18494313.lite.1,SRX14625777,CVs4Ct0F,AMPLICON,PCR,METAGENOMIC,PAIRED,0,0,ILLUMINA,Illumina MiSeq,SRP366092,PRJNA818796,,818796,SRS12392768,SAMN26892312,simple,408170,human gut metagenome,CVs4Ct0F,,,,,,,no,,,,,COLUMBIA UNIVERSITY,SRA1392441,,public,A6AF711201AA16ADB007C6E55CE34E6F,D19A26B1A34E9E39073150A5EC8D2A16
SRR18494310,2022-03-27 03:16:44,2022-03-27 03:13:50,82154,25218022,82154,306,14,,https://sra-downloadb.be-md.ncbi.nlm.nih.gov/sos2/sra-pub-zq-20/SRR018/18494/SRR18494310/SRR18494310.lite.1,SRX14625780,CVs2At3F,AMPLICON,PCR,METAGENOMIC,PAIRED,0,0,ILLUMINA,Illumina MiSeq,SRP366092,PRJNA818796,,818796,SRS12392769,SAMN26892323,simple,408170,human gut metagenome,CVs2At3F,,,,,,,no,,,,,COLUMBIA UNIVERSITY,SRA1392441,,public,C5C80CBE45443A91A773C176F2D1AB8F,2E4E90FE06DFC320F5AF8D30626C86C8
SRR18494309,2022-03-27 03:16:44,2022-03-27 03:13:54,63594,19504911,63594,306,9,,https://sra-downloadb.be-md.ncbi.nlm.nih.gov/sos1/sra-pub-zq-38/SRR018/18494/SRR18494309/SRR18494309.lite.1,SRX14625781,CVs8At0F,AMPLICON,PCR,METAGENOMIC,PAIRED,0,0,ILLUMINA,Illumina MiSeq,SRP366092,PRJNA818796,,818796,SRS12392770,SAMN26892324,simple,408170,human gut metagenome,CVs8At0F,,,,,,,no,,,,,COLUMBIA UNIVERSITY,SRA1392441,,public,235F37FCA0DCF889C11407604A6A11D2,EFEED3550A1C00EA80CA602478D78AF1
SRR18494311,2022-03-27 03:47:18,2022-03-27 03:45:18,107327,32941682,107327,306,18,,https://sra-downloadb.be-md.ncbi.nlm.nih.gov/sos2/sra-pub-zq-20/SRR018/18494/SRR18494311/SRR18494311.lite.1,SRX14625779,CVs2At0F,AMPLICON,PCR,METAGENOMIC,PAIRED,0,0,ILLUMINA,Illumina MiSeq,SRP366092,PRJNA818796,,818796,SRS12392771,SAMN26892322,simple,408170,human gut metagenome,CVs2At0F,,,,,,,no,,,,,COLUMBIA UNIVERSITY,SRA1392441,,public,B1674CA54890C0357829F5E924A31C8E,25F42AFED6CFDAEC2546B44822A6BD64
SRR18494308,2022-03-27 03:16:44,2022-03-27 03:13:47,17929,5496020,17929,306,2,,https://sra-downloadb.be-md.ncbi.nlm.nih.gov/sos2/sra-pub-zq-20/SRR018/18494/SRR18494308/SRR18494308.lite.1,SRX14625782,CVs8At3F,AMPLICON,PCR,METAGENOMIC,PAIRED,0,0,ILLUMINA,Illumina MiSeq,SRP366092,PRJNA818796,,818796,SRS12392772,SAMN26892325,simple,408170,human gut metagenome,CVs8At3F,,,,,,,no,,,,,COLUMBIA UNIVERSITY,SRA1392441,,public,3D1BF6EFE9F96E8FFC28F3093FDB3182,57373660E8AB547352166CC9173AB27B
SRR18494307,2022-03-27 03:47:18,2022-03-27 03:45:17,17208,5277926,17208,306,2,,https://sra-downloadb.be-md.ncbi.nlm.nih.gov/sos3/sra-pub-zq-22/SRR018/18494/SRR18494307/SRR18494307.lite.1,SRX14625783,CVs8At7F,AMPLICON,PCR,METAGENOMIC,PAIRED,0,0,ILLUMINA,Illumina MiSeq,SRP366092,PRJNA818796,,818796,SRS12392773,SAMN26892326,simple,408170,human gut metagenome,CVs8At7F,,,,,,,no,,,,,COLUMBIA UNIVERSITY,SRA1392441,,public,A094FCB500CA3BB63153E9072879D9CD,8C607BA8543E4944459A2FF19EA76A48
SRR18494306,2022-03-27 03:47:18,2022-03-27 03:45:03,9420,2890779,9420,306,1,,https://sra-downloadb.be-md.ncbi.nlm.nih.gov/sos3/sra-pub-zq-24/SRR018/18494/SRR18494306/SRR18494306.lite.1,SRX14625784,CVs6At0F,AMPLICON,PCR,METAGENOMIC,PAIRED,0,0,ILLUMINA,Illumina MiSeq,SRP366092,PRJNA818796,,818796,SRS12392774,SAMN26892327,simple,408170,human gut metagenome,CVs6At0F,,,,,,,no,,,,,COLUMBIA UNIVERSITY,SRA1392441,,public,5CAC3A2C0A0FAFAA9D2E33817F6246A4,93C7C9F5FFD77A0948FDBB4232664B7A
SRR18494305,2022-03-27 03:47:18,2022-03-27 03:45:18,86176,26441783,86176,306,13,,https://sra-downloadb.be-md.ncbi.nlm.nih.gov/sos4/sra-pub-zq-1/SRR018/18494/SRR18494305/SRR18494305.lite.1,SRX14625785,CVs6At3F,AMPLICON,PCR,METAGENOMIC,PAIRED,0,0,ILLUMINA,Illumina MiSeq,SRP366092,PRJNA818796,,818796,SRS12392775,SAMN26892328,simple,408170,human gut metagenome,CVs6At3F,,,,,,,no,,,,,COLUMBIA UNIVERSITY,SRA1392441,,public,C9E4A404EA54874DA82B278008DD3008,1FCC088B6C5AF78B85B697015244C1F1
SRR18494304,2022-03-27 03:47:18,2022-03-27 03:45:19,119147,36571179,119147,306,18,,https://sra-downloadb.be-md.ncbi.nlm.nih.gov/sos3/sra-pub-zq-24/SRR018/18494/SRR18494304/SRR18494304.lite.1,SRX14625786,CVs6At7F,AMPLICON,PCR,METAGENOMIC,PAIRED,0,0,ILLUMINA,Illumina MiSeq,SRP366092,PRJNA818796,,818796,SRS12392776,SAMN26892329,simple,408170,human gut metagenome,CVs6At7F,,,,,,,no,,,,,COLUMBIA UNIVERSITY,SRA1392441,,public,F8720EFB66BC99C3B43B2EB39B60BDE4,DF5EA0A0E15E75575764088062D4D2EB
SRR18494303,2022-03-27 03:47:18,2022-03-27 03:45:18,94389,28961912,94389,306,14,,https://sra-downloadb.be-md.ncbi.nlm.nih.gov/sos2/sra-pub-zq-20/SRR018/18494/SRR18494303/SRR18494303.lite.1,SRX14625787,CVs4At0F,AMPLICON,PCR,METAGENOMIC,PAIRED,0,0,ILLUMINA,Illumina MiSeq,SRP366092,PRJNA818796,,818796,SRS12392777,SAMN26892330,simple,408170,human gut metagenome,CVs4At0F,,,,,,,no,,,,,COLUMBIA UNIVERSITY,SRA1392441,,public,EE425674B49A56393EF743685BEBAFF1,D0BEC5A5D652491EB1133304DE614D27
SRR18494302,2022-03-27 03:16:44,2022-03-27 03:13:39,1699,521431,1699,306,0,,https://sra-downloadb.be-md.ncbi.nlm.nih.gov/sos2/sra-pub-zq-20/SRR018/18494/SRR18494302/SRR18494302.lite.1,SRX14625788,CVs4Ct3F,AMPLICON,PCR,METAGENOMIC,PAIRED,0,0,ILLUMINA,Illumina MiSeq,SRP366092,PRJNA818796,,818796,SRS12392778,SAMN26892313,simple,408170,human gut metagenome,CVs4Ct3F,,,,,,,no,,,,,COLUMBIA UNIVERSITY,SRA1392441,,public,FA4C0641C3439B6488CA8857CFA1A124,E9ED8BFC786893E717E335BEE51CE825
SRR18494301,2022-03-27 04:56:36,2022-03-27 04:48:52,196297,60209443,196297,306,30,,https://sra-downloadb.be-md.ncbi.nlm.nih.gov/sos1/sra-pub-zq-38/SRR018/18494/SRR18494301/SRR18494301.lite.1,SRX14625789,CVs3At0F,AMPLICON,PCR,METAGENOMIC,PAIRED,0,0,ILLUMINA,Illumina MiSeq,SRP366092,PRJNA818796,,818796,SRS12392779,SAMN26892331,simple,408170,human gut metagenome,CVs3At0F,,,,,,,no,,,,,COLUMBIA UNIVERSITY,SRA1392441,,public,6DEC59E9613374CCD12CCCD997005739,5D562355FB60A65A09D7D179F807CC24
SRR18494300,2022-03-27 03:16:44,2022-03-27 03:13:39,3170,972013,3170,306,0,,https://sra-downloadb.be-md.ncbi.nlm.nih.gov/sos4/sra-pub-zq-1/SRR018/18494/SRR18494300/SRR18494300.lite.1,SRX14625790,CVs3At14F,AMPLICON,PCR,METAGENOMIC,PAIRED,0,0,ILLUMINA,Illumina MiSeq,SRP366092,PRJNA818796,,818796,SRS12392780,SAMN26892332,simple,408170,human gut metagenome,CVs3At14F,,,,,,,no,,,,,COLUMBIA UNIVERSITY,SRA1392441,,public,77A90D78656AC3E17E60AA0914A2E86B,CE8DF3F7AB0026C2E121DEA8465909D0
SRR18494298,2022-03-27 05:25:31,2022-03-27 05:19:08,148790,45657817,148790,306,21,,https://sra-downloadb.be-md.ncbi.nlm.nih.gov/sos2/sra-pub-zq-20/SRR018/18494/SRR18494298/SRR18494298.lite.1,SRX14625792,CVs3At3F,AMPLICON,PCR,METAGENOMIC,PAIRED,0,0,ILLUMINA,Illumina MiSeq,SRP366092,PRJNA818796,,818796,SRS12392781,SAMN26892334,simple,408170,human gut metagenome,CVs3At3F,,,,,,,no,,,,,COLUMBIA UNIVERSITY,SRA1392441,,public,ECFE024479463E1F08370C53B9608BBC,5B7E2D36D28EEF04804279CBE2882068
SRR18494297,2022-03-27 03:16:44,2022-03-27 03:13:51,67052,20572860,67052,306,10,,https://sra-downloadb.be-md.ncbi.nlm.nih.gov/sos3/sra-pub-zq-24/SRR018/18494/SRR18494297/SRR18494297.lite.1,SRX14625793,CVs3At7F,AMPLICON,PCR,METAGENOMIC,PAIRED,0,0,ILLUMINA,Illumina MiSeq,SRP366092,PRJNA818796,,818796,SRS12392782,SAMN26892335,simple,408170,human gut metagenome,CVs3At7F,,,,,,,no,,,,,COLUMBIA UNIVERSITY,SRA1392441,,public,333371E95E5FCB0F4405201F80A279D0,DB83A877BCE356A9694FCC337F4B5A77
SRR18494299,2022-03-27 03:16:44,2022-03-27 03:13:54,50094,15369927,50094,306,7,,https://sra-downloadb.be-md.ncbi.nlm.nih.gov/sos2/sra-pub-zq-20/SRR018/18494/SRR18494299/SRR18494299.lite.1,SRX14625791,CVs3At30F,AMPLICON,PCR,METAGENOMIC,PAIRED,0,0,ILLUMINA,Illumina MiSeq,SRP366092,PRJNA818796,,818796,SRS12392783,SAMN26892333,simple,408170,human gut metagenome,CVs3At30F,,,,,,,no,,,,,COLUMBIA UNIVERSITY,SRA1392441,,public,4BB896C121366B131CF08B1EC94B5079,1C0B715BA70BF421BA835780D60E8060
SRR18494296,2022-03-27 03:16:45,2022-03-27 03:13:34,401,122953,401,306,0,,https://sra-downloadb.be-md.ncbi.nlm.nih.gov/sos1/sra-pub-zq-38/SRR018/18494/SRR18494296/SRR18494296.lite.1,SRX14625794,CVs5Bt0F,AMPLICON,PCR,METAGENOMIC,PAIRED,0,0,ILLUMINA,Illumina MiSeq,SRP366092,PRJNA818796,,818796,SRS12392784,SAMN26892336,simple,408170,human gut metagenome,CVs5Bt0F,,,,,,,no,,,,,COLUMBIA UNIVERSITY,SRA1392441,,public,3DC3BA365F5942A7439EF5A48A8FC559,64E9D4488CFF5C63B4076C4DE8E3A427
SRR18494295,2022-03-27 03:16:45,2022-03-27 03:13:37,3432,1053371,3432,306,0,,https://sra-downloadb.be-md.ncbi.nlm.nih.gov/sos3/sra-pub-zq-24/SRR018/18494/SRR18494295/SRR18494295.lite.1,SRX14625795,CVs5Ct0F,AMPLICON,PCR,METAGENOMIC,PAIRED,0,0,ILLUMINA,Illumina MiSeq,SRP366092,PRJNA818796,,818796,SRS12392785,SAMN26892337,simple,408170,human gut metagenome,CVs5Ct0F,,,,,,,no,,,,,COLUMBIA UNIVERSITY,SRA1392441,,public,505CC82F9C639126BBEF12C50139AD58,EDD15D7D3EBC6BE9DF894794388453E9
SRR18494294,2022-03-27 03:16:45,2022-03-27 03:13:44,12943,3971224,12943,306,2,,https://sra-downloadb.be-md.ncbi.nlm.nih.gov/sos1/sra-pub-zq-38/SRR018/18494/SRR18494294/SRR18494294.lite.1,SRX14625796,CVs5Ct3F,AMPLICON,PCR,METAGENOMIC,PAIRED,0,0,ILLUMINA,Illumina MiSeq,SRP366092,PRJNA818796,,818796,SRS12392786,SAMN26892338,simple,408170,human gut metagenome,CVs5Ct3F,,,,,,,no,,,,,COLUMBIA UNIVERSITY,SRA1392441,,public,793BA74C8C5B8520FFA19B3D492E07A9,4B9D71A5800429CC89ED1756C341FE16
SRR18494292,2022-03-27 03:16:45,2022-03-27 03:13:33,620,190243,620,306,0,,https://sra-downloadb.be-md.ncbi.nlm.nih.gov/sos3/sra-pub-zq-24/SRR018/18494/SRR18494292/SRR18494292.lite.1,SRX14625798,CVs4Ct7F,AMPLICON,PCR,METAGENOMIC,PAIRED,0,0,ILLUMINA,Illumina MiSeq,SRP366092,PRJNA818796,,818796,SRS12392787,SAMN26892314,simple,408170,human gut metagenome,CVs4Ct7F,,,,,,,no,,,,,COLUMBIA UNIVERSITY,SRA1392441,,public,3B0274CA1184A376B98B291DF2E21E5E,B236BEE73DF82794234A387DD2430D71
SRR18494290,2022-03-27 03:16:45,2022-03-27 03:13:47,32196,9877567,32196,306,5,,https://sra-downloadb.be-md.ncbi.nlm.nih.gov/sos2/sra-pub-zq-20/SRR018/18494/SRR18494290/SRR18494290.lite.1,SRX14625800,CVs7At0F,AMPLICON,PCR,METAGENOMIC,PAIRED,0,0,ILLUMINA,Illumina MiSeq,SRP366092,PRJNA818796,,818796,SRS12392788,SAMN26892316,simple,408170,human gut metagenome,CVs7At0F,,,,,,,no,,,,,COLUMBIA UNIVERSITY,SRA1392441,,public,CE617DB30C3803061E7BE5807AD744F7,EB2BB0C9583A1D9926DA977A90EED957
SRR18494293,2022-03-27 03:47:18,2022-03-27 03:45:16,104445,32056654,104445,306,16,,https://sra-downloadb.be-md.ncbi.nlm.nih.gov/sos2/sra-pub-zq-20/SRR018/18494/SRR18494293/SRR18494293.lite.1,SRX14625797,CVs5Ct7F,AMPLICON,PCR,METAGENOMIC,PAIRED,0,0,ILLUMINA,Illumina MiSeq,SRP366092,PRJNA818796,,818796,SRS12392789,SAMN26892339,simple,408170,human gut metagenome,CVs5Ct7F,,,,,,,no,,,,,COLUMBIA UNIVERSITY,SRA1392441,,public,8F7FBDA8223019DEA1ED10BE672EFEFD,317997C0330ECCB700063CB814B1C514
SRR18494291,2022-03-27 03:16:45,2022-03-27 03:13:44,63579,19501685,63579,306,9,,https://sra-downloadb.be-md.ncbi.nlm.nih.gov/sos3/sra-pub-zq-24/SRR018/18494/SRR18494291/SRR18494291.lite.1,SRX14625799,CVs5At0F,AMPLICON,PCR,METAGENOMIC,PAIRED,0,0,ILLUMINA,Illumina MiSeq,SRP366092,PRJNA818796,,818796,SRS12392790,SAMN26892315,simple,408170,human gut metagenome,CVs5At0F,,,,,,,no,,,,,COLUMBIA UNIVERSITY,SRA1392441,,public,DBA9943E4A340F47EC508D04991A2DAD,5C2334BEADC65962EB64639AB5676014
SRR18494289,2022-03-27 03:16:45,2022-03-27 03:13:42,31675,9718131,31675,306,4,,https://sra-downloadb.be-md.ncbi.nlm.nih.gov/sos2/sra-pub-zq-20/SRR018/18494/SRR18494289/SRR18494289.lite.1,SRX14625801,CVs7At3F,AMPLICON,PCR,METAGENOMIC,PAIRED,0,0,ILLUMINA,Illumina MiSeq,SRP366092,PRJNA818796,,818796,SRS12392791,SAMN26892317,simple,408170,human gut metagenome,CVs7At3F,,,,,,,no,,,,,COLUMBIA UNIVERSITY,SRA1392441,,public,1D30100E87911A8DBDEA9C021889D251,91686AB916B7A727B674BAB4DA9BE712
SRR18494288,2022-03-27 03:16:45,2022-03-27 03:13:42,31566,9684973,31566,306,4,,https://sra-downloadb.be-md.ncbi.nlm.nih.gov/sos2/sra-pub-zq-20/SRR018/18494/SRR18494288/SRR18494288.lite.1,SRX14625802,CVs7At7F,AMPLICON,PCR,METAGENOMIC,PAIRED,0,0,ILLUMINA,Illumina MiSeq,SRP366092,PRJNA818796,,818796,SRS12392792,SAMN26892318,simple,408170,human gut metagenome,CVs7At7F,,,,,,,no,,,,,COLUMBIA UNIVERSITY,SRA1392441,,public,0A1D1FF85E1EEADC0BDA284FDC4D99AD,53E9C9A80E106F51DB3A650A91DBA7A1
SRR18494287,2022-03-27 03:47:18,2022-03-27 03:45:19,168453,51698442,168453,306,25,,https://sra-downloadb.be-md.ncbi.nlm.nih.gov/sos3/sra-pub-zq-24/SRR018/18494/SRR18494287/SRR18494287.lite.1,SRX14625803,CVs9At0F,AMPLICON,PCR,METAGENOMIC,PAIRED,0,0,ILLUMINA,Illumina MiSeq,SRP366092,PRJNA818796,,818796,SRS12392793,SAMN26892319,simple,408170,human gut metagenome,CVs9At0F,,,,,,,no,,,,,COLUMBIA UNIVERSITY,SRA1392441,,public,5728C80455E9BC96CC1C02E47AA030C4,37D1D18D1F8EE157C157E0B8D7BA6629
SRR18494286,2022-03-27 03:16:45,2022-03-27 03:13:44,71574,21973043,71574,306,9,,https://sra-downloadb.be-md.ncbi.nlm.nih.gov/sos2/sra-pub-zq-20/SRR018/18494/SRR18494286/SRR18494286.lite.1,SRX14625804,CVs1At3F,AMPLICON,PCR,METAGENOMIC,PAIRED,0,0,ILLUMINA,Illumina MiSeq,SRP366092,PRJNA818796,,818796,SRS12392794,SAMN26892320,simple,408170,human gut metagenome,CVs1At3F,,,,,,,no,,,,,COLUMBIA UNIVERSITY,SRA1392441,,public,007A7B8CC3E755E1FA7F5994D1904AA7,966A5F7E2E71A67033DB02D48EA5920A
